1234 5678 1234 5678,10/2015,123,Shokunin 1
1235 5678 1234 5678,11/2015,124,Shokunin 2
1236 5678 1234 5678,12/2015,125,Shokunin 3
1237 5678 1234 5678,01/2016,126,Shokunin 4
1238 5678 1234 5678,02/2016,127,Shokunin 5
1239 5678 1234 5678,03/2016,128,Shokunin 6
1240 5678 1234 5678,04/2016,129,Shokunin 7
1241 5678 1234 5678,05/2016,130,Shokunin 8
1242 5678 1234 5678,06/ 2016,131,Shokunin 9
1243 5678 1234 5678,07/2016,132,Shokunin 10
1244 5678 1234 5678,08/2016,133,Shokunin 11
1245 5678 1234 5678,09/2016,134,Shokunin 12
1246 5678 1234 5678,10/2016,135,Shokunin 13
1247 5678 1234 5678,11/2016,136,Shokunin 14
1248 5678 1234 5678,12/2016,137,Shokunin 15
1249 5678 1234 5678,01/2017,138,Shokunin 16
1250 5678 1234 5678,02/2017,139,Shokunin 17
1251 5678 1234 5678,03/2017,140,Shokunin 18
1252 5678 1234 5678,04/2017,141,Shokunin 19
1253 5678 1234 5678,05/ 2017,142,Shokunin 20